location,Coords,JAN,FEB,MAR,APR,MAY,JUN,JUL,AUG,SEP,OCT,NOV,DEC
NICOBAR,"(7.0, 93.0)",57.9,65.2,117,358.5,295.5,285,271.9,354.8,326,315.2,250.9,
SOUTH ANDAMAN,"(11.7232031, 92.7011101945954)",26,18.6,90.5,374.4,457.2,421.3,423.1,455.6,301.2,275.8,128.3,
LOHIT,"(27.8239052, 95.861898)",80.8,176.4,358.5,306.4,447,660.1,427.8,313.6,167.1,34.1,29.8,
EAST SIANG,"(28.3, 95.15)",79.5,105.9,216.5,323,738.3,990.9,711.2,568,206.9,29.5,31.7,
SUBANSIRI,"(27.21097645, 94.31944632429219)",48.3,85.3,101.5,140.5,228.4,217.4,182.8,159.8,75.9,20.9,11.6,
TIRAP,"(27.03016895, 95.49791754505583)",72.7,141,316.9,328.7,614.7,851.9,500.6,418.3,218.7,42.9,22.9,
ANJAW (LOHIT),"(28.0559666, 96.8033699)",80.8,176.4,358.5,306.4,447,660.1,427.8,313.6,167.1,34.1,29.8,
LOWER DIBANG,"(28.0463795, 95.6622503)",153.9,303.5,383.6,268,374.2,272,160.5,266.7,167.2,64,56,
CHANGLANG,"(27.1398402, 95.7382485)",170.9,367.9,554.4,334.2,526.2,460.8,291.5,353.6,275,64.9,74.2,
PAPUM PARE,"(27.286366649999998, 93.61877159710389)",67.8,106.1,226.9,453,640.5,609.5,503.4,492.3,214.7,19.2,11.3,
LOW SUBANSIRI,"(27.8, 93.6)",109.3,92.4,204.3,266.2,284.1,248.9,270.5,192.7,78.5,49.5,27.2,
UPPER SIANG,"(28.73120455, 95.03773151350946)",176.7,362.6,397.5,408.7,801.9,653,417.9,686,264.9,86.9,71.7,
WEST SIANG,"(28.4, 94.55)",66.7,76.8,229.2,239.5,416.6,592.4,312.4,291.1,126.8,33.7,29.5,
DIBANG VALLEY,"(28.0463795, 95.6622503)",153.9,303.5,383.6,268,374.2,272,160.5,266.7,167.2,64,56,
WEST KAMENG,"(27.4, 92.35)",43.5,58.9,134.3,341.1,665.3,749.9,579.1,490.9,233.9,40.3,27,
EAST KAMENG,"(27.3, 93.05)",74.4,96.5,156.9,208,345.7,368.5,256.2,275.9,138.2,34.4,27.2,
TAWANG,"(27.5879186, 91.863733)",43.5,58.9,134.3,341.1,665.3,749.9,579.1,490.9,233.9,40.3,27,
KURUNG KUMEY,"(28.1990234, 93.0591774)",70,128.2,245.7,271.4,292.7,404,276.3,283.5,92.3,32.3,42.4,
CACHAR,"(24.758639950000003, 92.88166475768219)",50.2,168.3,262.5,386.4,532.1,526.2,470.8,360.8,182.4,34.8,11.4,
DARRANG,"(26.75, 92.5)",21.4,53.5,168.8,320,419.7,345.8,272.1,221.5,95.4,17.2,9.3,
GOALPARA,"(26.1783623, 90.6226683)",20.4,51.1,196.6,399.8,567.8,502.8,334.6,304.9,157.7,21.7,5.2,
KAMRUP,"(26.14688605, 91.22273972821812)",20.8,58.6,151.7,293.4,365.5,345.1,248.7,188.4,106.6,15.1,7.5,
LAKHIMPUR,"(27.0827158, 93.9978423)",48.6,76.7,165.5,331.9,528.3,605.2,467.6,424.1,140.3,23,20.4,
NORTH CACHAR,"(25.5, 93.0)",47.5,158.9,207.9,308,328.1,270.3,201.3,189.1,196.4,42.1,11.2,
NAGAON,"(26.30414915, 92.71605974430346)",22.5,48.1,128.9,171.3,285.9,326.3,294.1,218.6,120,21.6,10.8,
SIVASAGAR,"(26.9834936, 94.6394226)",33.2,78.3,126.5,257.1,255.5,374.8,342.3,196.9,96.3,20.3,10.3,
BARPETA,"(26.34142215, 91.01674328474073)",26.9,54,175.7,391.5,694.3,757.3,527.3,462.1,142.1,20.4,12.7,
DHUBRI,"(26.01894625, 89.94188952461522)",11.7,46.6,147.5,391.6,603,554.7,418.7,340.1,155.1,19.2,4.1,
DIBRUGARH,"(27.4844597, 94.9019447)",53.1,119.8,229.9,292.4,401,519.4,405.1,325.9,136.9,24,18.5,
JORHAT,"(26.7577925, 94.2079645)",36.7,80.1,204.6,277.4,288.8,390.7,346.9,272.7,121.7,25.6,15.6,
KARIMGANJ,"(24.8483482, 92.33221292310328)",35.2,169.7,340.4,604,645.2,646,438,418.7,240.4,86.8,13.2,
KOKRAJHAR,"(26.58687695, 90.29293105124796)",27.9,45.8,216.4,461.1,822.2,864.2,677.1,462.9,159.5,18.1,6.1,
GOLAGHAT,"(26.40490095, 94.03209112120626)",29.5,65.2,135.9,245.6,254.2,314.7,271.4,209.3,103.7,19.6,14.7,
TINSUKIA,"(27.52016575, 95.5306347312879)",58.4,131.2,215.9,272.7,388.3,515.3,387.2,327,118.7,25.1,18.9,
HAILAKANDI,"(24.68845365, 92.57381528240943)",42,123.8,239,416.2,470.4,426.8,406.9,317,150.6,36.5,9.1,
DHEMAJI,"(27.466831499999998, 94.51786508708852)",48.6,76.7,165.5,331.9,528.3,605.2,467.6,424.1,140.3,23,20.4,
KARBI ANGLONG,"(26.0, 93.5)",24.1,53.8,106.3,139.4,224.9,238.7,220.5,182.9,100.1,26.3,11.2,
UDALGURI,"(26.7503815, 92.0977245)",21.4,53.5,168.8,320,419.7,345.8,272.1,221.5,95.4,17.2,9.3,
CHIRANG,"(26.6464231, 90.62415698729875)",31.2,57.5,183.4,442,626.3,776.6,486.8,406.4,168.2,18.7,11.6,
BAKSA BARPETA,"(26.4908364, 90.9685928)",26.9,54,175.7,391.5,694.3,757.3,527.3,462.1,142.1,20.4,12.7,
BONGAIGAON,"(26.412376950000002, 90.57149765106257)",31.2,57.5,183.4,442,626.3,776.6,486.8,406.4,168.2,18.7,11.6,
MORIGAON,"(26.2551482, 92.3290878)",24.4,51.6,116.8,169.1,310.1,374.8,309.2,221.4,119.3,19.9,8.2,
NALBARI,"(26.42386165, 91.45122754621168)",18.6,56.7,184.6,380.7,551.2,470.9,322,220.2,110.4,21.6,4.8,
JAINTIA HILLS,"(25.5, 92.25)",44.1,115.1,282.3,598.8,1316.1,1591.3,933.8,826.3,517.7,110.9,9.7,
RI-BHOI,"(25.87640255, 91.85675741641606)",15.1,55.8,117.1,273.3,340.5,425.6,400.2,313.2,125.4,25.7,8.8,
W KHASI HILL,"(25.5730198, 91.88907651723758)",31.1,61.3,160.5,352.3,651.5,1050.3,607.9,465.3,192.5,32.1,18.5,
IMPHAL EAST,"(24.85154025, 94.00947957721581)",34.3,84.5,145.5,208.9,370.7,324,280.4,189.1,144,36.1,8.2,
SENAPATI,"(25.380439600000003, 94.0569854178655)",29.9,47.5,124.7,198.4,368.2,366.1,326.6,220.1,156,57,14.8,
TAMENGLONG,"(24.935401300000002, 93.56791112289724)",229.6,224.5,431.5,539.9,1158.7,1820.9,1522.1,726.3,376.1,144,7.2,
CHANDEL,"(24.3197442, 94.0210988225432)",27.9,36.3,77.9,179,609.9,540.3,490.9,366,254.9,48.3,7.6,
UKHRUL,"(25.0982654, 94.363167)",36.1,56.9,76.6,122.2,348.3,296.8,243.3,169.1,122.7,49.4,13.1,
THOUBAL,"(24.624587, 94.04247928402684)",26.2,43.1,96.2,140.1,333,181.7,212.1,106.8,94.6,27.9,9.3,
BISHNUPUR,"(24.562463649999998, 93.8012483746545)",50,112.4,108.1,159.3,435.6,310.4,368.9,219.4,237,56.9,15,
IMPHAL WEST,"(24.757326, 93.85847858025147)",31,63.8,109.1,134.6,337.3,234.7,239.3,160.5,144.5,34.3,19.5,
CHURACHANDPUR,"(24.378704, 93.69700149533944)",31.1,72.7,187.3,238,422.1,407.6,382.6,348.3,173.2,50.1,11.4,
AIZAWL,"(23.7435236, 92.7382905)",31.2,107.9,185.8,351.4,467.7,448.7,480.7,390.9,254.5,65.3,16.5,
CHAMPHAI,"(23.6317319, 93.34931854269607)",21.8,83,122.7,261.5,350.5,369.3,336.6,296.1,226.7,64.5,22.5,
KOLASIB,"(24.18947525, 92.7133181281124)",40,131.6,183.5,316.4,437.6,431.9,453.2,369.8,219.8,49.9,12.9,
LUNGLEI,"(22.898553, 92.75192291719874)",21.8,88,119.3,310.3,459.4,514.6,481.7,410.6,245.4,65.9,8.6,
LAWNGTLAI,"(22.34596495, 92.8119536068969)",27.5,66.7,122.9,319.8,437.2,493.9,408.8,365.8,231.5,66,9.2,
MAMIT,"(23.75590845, 92.45173568830637)",31.2,107.9,185.8,351.4,467.7,448.7,480.7,390.9,254.5,65.3,16.5,
SAIHA,"(22.4995518, 92.97798988717027)",31,69.7,116.7,335.4,384.8,437.9,412.2,387.7,214.2,67.9,16.4,
SERCHHIP,"(23.385892300000002, 92.930598908176)",33.8,103.6,150.9,294.3,395.9,477.1,430.7,346.7,167.3,71.6,18.5,
KOHIMA,"(25.75, 94.166667)",28.8,55.8,89.8,162,308.2,365.4,376.1,258.3,130.2,31.8,6.1,
TUENSANG,"(26.168505500000002, 94.85819821659115)",26.8,65.7,177.2,225.7,350.3,441.8,352.2,241.8,122.5,41.6,10.7,
MOKOKCHUNG,"(26.4795861, 94.51052754768273)",31.1,60.9,138.3,287.1,525.5,525.1,394.2,231.3,137.3,43.1,12.5,
DIMAPUR,"(25.911744, 93.721703)",4.1,57.2,77.8,151.8,204.8,187.7,272,150.8,125,43.7,16.3,
WOKHA,"(26.166667, 94.25)",42.1,96.7,144.3,325.6,416.3,495.6,478.9,277.9,127.7,55.7,16.5,
MON,"(50.4549568, 3.951958)",33.5,48.2,137.9,193.9,271.1,273.6,177.4,101.8,62.1,19.8,7.5,
ZUNHEBOTO,"(26.0, 94.5)",26.8,65.7,177.2,225.7,350.3,441.8,352.2,241.8,122.5,41.6,10.7,
PHEK,"(25.75, 94.5)",28.8,55.8,89.8,162,308.2,365.4,376.1,258.3,130.2,31.8,6.1,
LONGLENG,"(26.49031725, 94.77214247303138)",26.8,65.7,177.2,225.7,350.3,441.8,352.2,241.8,122.5,41.6,10.7,
PEREN,"(25.47907705, 93.72563659313207)",28.8,55.8,89.8,162,308.2,365.4,376.1,258.3,130.2,31.8,6.1,
NORTH TRIPURA,"(24.092147599999997, 92.24512135019847)",37.2,118.4,272.8,440.1,477.5,402.7,367.7,279.8,173.8,45.1,13.1,
SOUTH TRIPURA,"(23.5, 91.666667)",30.6,78.5,169.7,335,474.9,497.4,396.8,255.1,175.1,44.5,9.7,
WEST TRIPURA,"(23.916667, 91.5)",27.9,72.1,194.2,359.9,426.6,395.9,323.2,250.6,174.9,41.5,10.3,
DHALAI,"(23.8253158, 91.9732226716333)",38.9,105.5,246.3,431.3,482.7,363.9,338.2,255.9,182.8,42.1,11.4,
COOCH BEHAR,"(26.3223696, 89.4592445)",16,32.2,138.9,345.4,668.8,864.9,733,470.9,141.3,15.1,8.3,
DARJEELING,"(27.0377554, 88.263176)",33.8,57.7,130.5,262.3,534.7,756.9,645.9,502.8,118.9,16.8,9.9,
JALPAIGURI,"(26.4733048, 88.6788668614395)",17.8,39.7,119.3,339.3,667.3,931.4,670.9,488.3,159.9,18,7.2,
MALDA,"(25.0057449, 88.1398483)",10.5,14.5,34.8,106.2,216.6,332.9,284.8,283,102.5,13.2,6.8,
SOUTH DINAJPUR,"(26.2596535, 88.1869372)",13.3,19,58.9,167.8,289.3,368.9,248,279.7,112.5,13,5.6,
NORTH DINAJPUR,"(25.640321049999997, 88.92456308932564)",2,8,35.7,162.9,316,367,307.7,403.8,90.7,9.1,3.2,
NORTH SIKKIM,"(27.666667, 88.5)",98.5,199.5,238.3,355.4,503,489.4,428.2,389.7,265,43.5,22.4,
EAST SIKKIM,"(27.279909699999997, 88.67466491506823)",56.1,61.7,175.5,291.7,464.6,509,441,356.6,154.7,18.4,19.4,
WEST SIKKIM,"(27.41851735, 88.18083382964556)",98.5,199.5,238.3,355.4,503,489.4,428.2,389.7,265,43.5,22.4,
SOUTH SIKKIM,"(27.333333, 88.416667)",56.1,61.7,175.5,291.7,464.6,509,441,356.6,154.7,18.4,19.4,
BANKURA,"(23.13195425, 87.20739720367507)",18,22,36.3,66.9,215,303.2,290.7,242.3,105.2,9.8,9.5,
BIRBHUM,"(24.0, 87.583333)",16.1,21.2,30.9,78.7,222.3,313.9,298.8,271,105.1,15.8,5.6,
BURDWAN,"(23.2495714, 87.8681751)",22.2,19.8,37.8,78.8,198.2,294.1,285.3,251.1,99.8,11.4,6,
HOOGHLY,"(22.9052114, 88.3760639)",26.6,28.2,50.6,108.5,243.4,316.1,265.1,243.3,102.1,16,6.9,
HOWRAH,"(22.5736296, 88.3251045)",24.9,32,52.6,126.4,233.2,343.2,329.4,305.6,99.1,31.3,10.1,
PURULIA,"(23.3291882, 86.3672378)",20.7,24.6,36.1,57.3,222.1,298.7,307,266.7,91.5,16.7,7.6,
MURSHIDABAD,"(24.1745993, 88.2721335)",11.2,19,34,87,237.6,328.6,256.9,256.2,126.3,11,6.5,
NADIA,"(23.4836184, 88.55570832329447)",17.6,21.1,42.1,95.2,234.1,270.8,236,214.1,100.2,10.4,7.8,
KOLKATA,"(22.5726459, 88.3638953)",24.7,33.5,53.1,113.4,278.3,361,335.2,306.6,155.3,24.8,8.9,
BALASORE,"(21.5002888, 86.9202627)",36,38.4,59.2,120.9,259.1,287.2,334.4,296.4,190.1,38.8,6.6,
BOLANGIR,"(20.7502257, 83.2499464)",15.9,20.1,22.7,37.5,200.5,386.2,366.9,220.5,69.5,13.6,6.3,
CUTTACK,"(20.4686, 85.8792)",26.9,28.9,43.2,74.3,227.2,338,352.3,245,124.5,40.2,4.5,
DHENKANAL,"(20.75, 85.5)",20.8,31.3,38.4,71.2,226.1,315.8,369.1,233.4,125.5,25.5,4.6,
GANJAM,"(19.4129711, 85.04710406447731)",22.7,30.3,41.5,85.3,158.8,219.2,245,210.4,198.4,70.8,8.8,
KALAHANDI,"(19.75, 83.0)",15,15.3,25.6,44.2,237.5,368.5,371.8,229.8,72.3,13.4,4.8,
KORAPUT,"(18.7232023, 82.6081182778727)",12.3,16.3,53.2,89.4,200.8,384.1,410.5,267.4,147.6,31.9,3.8,
MAYURBHANJ,"(21.75, 86.5)",25.4,47.9,61.4,110.2,279.7,323.9,373.8,278.5,119.1,23.6,6,
PURI,"(19.8076083, 85.8252538)",25.8,18.9,17.6,65.3,168.9,268.5,328.4,255.7,185.3,56.3,9.4,
SAMBALPUR,"(21.4706422, 83.98368580351055)",19.9,20.1,15.6,32.4,226.6,418.3,464.6,251.6,58.2,9,5.1,
SUNDARGARH,"(22.13327195, 83.97965279931319)",16.3,18,14.4,39.6,216.9,368.3,373.2,217.5,50.4,8.8,5.1,
BHADRAK,"(21.0633288, 86.5053731)",34.1,37.6,53.1,103.9,218.4,269.8,354,227.7,159.5,35.3,4.1,
JAJPUR,"(20.8522696, 86.3385714)",28.4,33.5,48,91.9,250,283.5,363.2,258.1,134.6,33.6,5.9,
KENDRAPARA,"(20.50040085, 86.43170622796478)",32.6,37.2,27.8,90.5,205.8,257.4,362.6,262.7,179.9,70.2,5.5,
ANGUL,"(20.8382426, 85.0973949)",19.1,25.1,29.7,55.4,205.8,320.2,355.4,228,98.1,14.7,3.6,
NAWAPARA,"(24.894842699999998, 87.84391258263065)",11.8,16.9,24,33.9,182.9,347.3,302.1,184.9,60.7,14.8,5.6,
MALKANGIRI,"(18.35835435, 81.89823748747048)",5.5,10.4,35.3,61.6,206.9,437.3,449.2,230.7,116.3,16.9,0.8,
NAYAGARH,"(20.1160666, 85.11195643843573)",22.5,26.2,42,47.7,213.4,312.2,327.4,242.2,152.2,47.9,2.8,
KHURDA,"(25.108663, 79.5434291)",25.9,26.9,30.9,68,186.4,310.8,339.3,251.5,167.7,45.5,6.5,
BARGARH,"(21.347763399999998, 83.65768298821486)",14.9,18.1,14.8,19.5,188.4,362.1,357.4,217.9,51.2,6.8,5.1,
JHARSUGUDA,"(21.87705125, 84.00905063735019)",21.2,18.6,18.4,36.6,224.6,402.3,415.8,239.1,63.8,10.1,7.2,
DEOGARH,"(21.5370786, 84.7301184)",19.9,20.1,15.6,32.4,226.6,418.3,464.6,251.6,58.2,9,5.1,
RAYAGADA,"(19.172095849999998, 83.3350308502498)",23.1,38.5,56,94,173.2,314.6,266.5,206.2,109.4,29,4,
GAJAPATI,"(19.19557415, 84.19297736346317)",35,64.2,79.1,136.8,201.7,241,261.1,226.5,141.8,60.2,5.2,
SONEPUR,"(25.69692585, 85.13577199672577)",14.3,18.5,14.3,30.4,178.2,380.4,432.5,252.3,56.9,6.7,4.9,
BOKARO,"(23.699127949999998, 85.99106894165021)",13.7,18.3,19,38.2,188.6,308.1,300.8,250.7,77.9,14,6.4,
DHANBAD,"(23.7952809, 86.4309638)",17.4,19.5,18.2,49.6,200.9,340.3,310,271.1,99.5,10.5,6.2,
DUMKA,"(24.2538512, 87.30064714192224)",14.5,17.2,26.1,69,203,327.2,304.3,262.4,124.5,12.4,5.5,
HAZARIBAG,"(24.0, 85.25)",15.3,14.8,11.7,35.5,176.9,317.5,289.6,221.9,81.8,7.9,9,
PALAMU,"(23.916667, 84.083333)",12.8,10.8,7.1,15.1,140.3,306.7,298.9,228.6,46.6,5.7,6,
RANCHI,"(23.3700501, 85.3250387)",26.8,21.7,23.6,48.3,217.4,357.1,344.1,241.6,78.7,11.9,10.1,
SAHIBGANJ,"(25.28086285, 87.6211746273445)",6.1,12.6,22,85.2,258.3,399.7,307.6,333.7,99.8,9.9,5.7,
WEST SINGHBHUM,"(22.7859232, 86.1716093)",21.8,23.1,23.9,56.7,208,315.1,342.6,222.7,63.5,9.8,5.5,
DEOGHAR,"(24.4766423, 86.60673245386945)",12.1,9.6,13.5,48,172.3,293.4,266.9,243.6,76.5,9.5,3.3,
GIRIDIH,"(24.1608897, 86.25113503301655)",9.9,13.7,18,40.6,206.5,342.9,275.8,239.8,80.3,8,5.7,
GODDA,"(24.74334305, 87.2928506179686)",9.9,10.9,20.7,54.4,170.7,294.5,253,225,78.7,8,7.1,
GUMLA,"(23.0916741, 84.5738480719802)",20.4,19.1,25.5,47.1,229,372.7,343.2,252.1,68.3,13,8.7,
LOHARDAGA,"(23.46920055, 84.73568423071751)",20.9,20.7,18.3,38.9,186.5,298.2,289.8,230.5,57.7,13.1,8.4,
CHATRA,"(24.20162495, 84.87817691941733)",18.5,11.2,5.8,17.8,157.7,336.5,303,234.1,55.7,5.2,7,
KODERMA,"(24.4931239, 85.55608107203881)",12.1,13,10,28.5,172.7,270.9,268,218,86.5,8.2,7.3,
PAKUR,"(24.6379647, 87.8558666)",12.8,15.2,34.2,86.1,228.5,377.5,339.2,341,143.7,13.4,6.2,
GARHWA,"(24.15529035, 83.82522584408349)",9.6,10.6,6.8,10.5,120.9,288.1,292.8,226,52.6,2.6,5.3,
JAMTARA,"(23.9232867, 86.77353493891458)",20.7,18.5,16.3,66.4,209.4,346.2,342.3,295.9,127.6,12.7,5.6,
LATEHAR,"(23.74186545, 84.51301366522105)",18.6,20.4,9,22.7,168.6,340.7,288.5,224,66.6,7.8,8,
SIMDEGA,"(22.6664325, 84.5502679119221)",18.9,15.5,23.9,35,237.8,459.4,404.7,281.2,58.8,12.6,6.2,
KHUNTI(RANCHI,"(23.0, 85.0)",24.4,24.2,17.4,45.4,243.3,379.8,360.5,267.5,71.4,16.9,9.4,
RAMGARH,"(23.598775949999997, 85.53691564663127)",15,13.3,20.7,47.3,207.1,323.8,287.4,235.5,68.8,9.2,7.7,
BHAGALPUR,"(25.2871758, 87.13033088387233)",10.5,10.2,23.2,65.5,197.8,291,261,227.5,88.5,8.6,6.4,
EAST CHAMPARAN,"(26.5475298, 84.6717583)",9.7,7.8,13.2,49.1,163.5,354.5,297.4,206.2,73.2,4.4,6,
DARBHANGA,"(26.08314325, 86.03257096612822)",9.5,12.3,21.3,59.9,156.7,296.5,285.1,186.3,66.7,8.6,4.7,
GAYA,"(24.7964355, 85.0079563)",10.9,8.7,6.1,18,128.2,298.1,271.9,180.5,53.7,7.5,5.7,
MUNGER,"(25.22081165, 86.51720367235285)",7,10,14.3,44.9,165.5,305.7,271.1,231.7,71.4,6.5,5.8,
MUZAFFARPUR,"(26.1486581, 85.34001282479626)",8.9,7.3,13.3,54,161,326.1,291.7,202.3,63.9,7.8,4.8,
WEST CHAMPARAN,"(26.6919717, 84.5796928)",10.8,12.8,18.3,56.3,229.3,447,349.3,249.4,65.9,5.1,9.2,
PURNEA,"(25.7773601, 87.4731227)",9,12.9,33.7,121.6,244.8,434.2,338.6,295.7,83.4,8.2,7,
GOPALGANJ,"(26.4207265, 84.37406407415165)",10.5,7,12.5,31.6,155.4,309.8,304.3,220.4,55.9,6,7.2,
MADHUBANI,"(26.350071999999997, 86.22914688962271)",9.5,9.3,30.8,79.3,185.2,375.5,307.1,191.7,76,5.7,12.1,
AURANGABAD,"(24.786306, 84.41448983395554)",11.2,7.8,5.7,14.4,122.1,290,253.9,193.6,44.3,7.8,6,
BEGUSARAI,"(25.5127194, 86.09057109140021)",8.4,13.2,17.3,48.9,154.3,296.8,255.3,215.2,63,4.8,5.4,
BHOJPUR,"(25.25, 84.25)",13.4,6.9,10.3,24.9,108.7,334.6,277.6,203.5,45.1,8.6,5.4,
NALANDA,"(25.1364914, 85.44365464855682)",9,9.1,6.1,27.9,127.6,283.6,263.3,202.3,50.7,5.1,5.7,
PATNA,"(25.6093239, 85.1235252)",9.4,9.6,8.1,26.4,125.4,333.7,264.5,217.7,55.5,7.3,4.2,
KATIHAR,"(25.559100100000002, 87.64745595714365)",7.4,9.2,24.6,96,212.2,358.9,269.8,269,74.2,5,4.1,
KHAGARIA,"(25.4916868, 86.69910848212217)",4.2,7.7,15.4,46.3,184,311,297.7,265,82.2,7,3.9,
SARAN,"(25.90835495, 84.78074760594323)",9.4,8.5,9.3,35.6,133.2,334.1,291.8,214.4,59.2,6.5,5.5,
MADHEPURA,"(25.9259562, 86.82042961035677)",9.4,12.3,29.6,84.5,212.8,377.3,304.3,259.1,70.6,13,7.8,
NAWADA,"(24.818123999999997, 85.5185562336921)",9.5,9.6,5.6,34.1,135.2,301.8,276,183.6,62.4,6.2,4.8,
ROHTAS,"(24.6723487, 83.92090397276326)",12.8,9.1,5.9,13.9,90,275.2,278.4,190.9,43,12.1,4.8,
SAMASTIPUR,"(25.7744929, 85.86626813370123)",8.2,10.9,15.2,42.7,176.6,315.1,289.1,244.4,64.4,6.9,3.8,
SITAMARHI,"(26.666667, 85.5)",8.5,9.9,25.6,71.5,200.6,396.6,307.5,179.7,71.7,3.9,7.9,
SIWAN,"(26.1310043, 84.39125660595198)",12.6,9.7,9.6,27.5,137.4,339.1,287.7,240,43.3,8.2,5.2,
VAISHALI,"(25.95322565, 85.14457760191539)",8.4,7.2,14.6,26.8,137.6,375,285.3,223.7,73.3,5.4,3.9,
JAHANABAD,"(35.9945647, 59.0749853)",7.6,7,13.1,23.1,112.5,255.6,255.8,196.5,39.1,7.7,5.8,
BUXAR,"(25.562071500000002, 84.01567204651289)",6.7,6.8,3.7,17.6,110.9,287.1,263,200.2,53.7,6.8,4.8,
ARARIA,"(26.26498795, 87.37162648106798)",8,15.4,36.8,114.5,271.7,444.6,352.4,278.3,84,7.4,5.3,
BANKA,"(24.8655681, 86.87278642295597)",9.3,11.7,15.7,45.9,138.2,271.1,241.7,214.9,84.6,5.7,5.6,
BHABUA,"(25.07634815, 83.63359775892343)",16.4,10,5.5,18.6,131,311.7,299.4,253,42.4,5.5,6.4,
JAMUI,"(24.967852049999998, 86.17351147289283)",8.2,9,9.4,35.1,163.4,311.9,253.3,223.2,70.9,9,3.8,
KISHANGANJ,"(26.130435300000002, 87.94010318229245)",8.2,17.5,51.7,155.7,368.1,579.1,463.5,344.8,80.4,6.8,4.6,
SHEIKHPURA,"(25.12635425, 85.81510620944194)",8.2,8.2,9.7,33.5,144.2,291.6,240.3,189.6,58.1,6.3,5,
SUPAUL,"(26.2768118, 86.79658662614811)",8.7,12.7,23,83.3,200.3,375.1,270.2,210,74.7,4.5,3.7,
LAKHISARAI,"(25.167702900000002, 86.05935924304018)",7,10,14.3,44.9,165.5,305.7,271.1,231.7,71.4,6.5,5.8,
SHEOHAR,"(26.49436945, 85.27280559513997)",8.5,9.9,25.6,71.5,200.6,396.6,307.5,179.7,71.7,3.9,7.9,
ARWAL,"(25.180777149999997, 84.65920203021554)",6.8,5.2,3.2,11.2,112.8,245.4,249.6,181.9,33.3,5.2,3.9,
SAHARSA,"(25.83264165, 86.61489283342814)",10.9,12.8,39.6,107.1,249.4,515.1,352.8,290.8,94.6,3.7,10,
ALLAHABAD,"(25.4381302, 81.8338005)",10,7.6,3.6,6.6,82.1,265.5,278.8,182.3,34.6,9.4,4.6,
AZAMGARH,"(26.02269675, 83.02887343114848)",10.2,8.8,6.1,15.5,95.4,334.3,291.4,231.6,41.5,6.9,4,
BAHRAICH,"(27.7336958, 81.47732127661058)",16,12.5,9,32.9,154.4,336.8,297.2,205.4,51.2,2.5,9.9,
BALLIA,"(25.877932549999997, 84.11995931460379)",8.5,6.7,5.3,20.2,110.9,292.6,260.1,163.6,41.6,5.4,2.6,
BANDA,"(-5.5, 126.5)",11.6,6.3,4.5,12.1,92.1,261,316.4,170.9,36.4,5.5,8.8,
BARABANKI,"(26.93823105, 81.38609761204991)",14.4,8.1,5.8,17.8,112.1,309.7,284.4,224.3,50.3,2.9,8.7,
BASTI,"(26.724789, 82.79326865024002)",10.4,10.9,5.5,20.7,129.4,324.5,289.3,200.4,46.5,2.2,7.5,
DEORIA,"(26.42384715, 83.76273169028727)",17.8,9.2,8.7,24,133.3,316.6,299.9,201.1,53.1,4,5.6,
FAIZABAD,"(26.63807555, 82.05902434378625)",12.4,7.2,4.5,18.8,123,346.6,309.6,210.5,51,2.9,8.8,
FARRUKHABAD,"(27.43719385, 79.48912946503123)",11.1,8,5,12.8,73.5,246,282.3,141.6,52.1,2.4,3.4,
FATEHPUR,"(25.8435395, 80.91800397088501)",11.7,7.2,4.7,8.6,82.2,261.5,286,182.8,39.4,4.9,7.9,
GHAZIPUR,"(25.603508400000003, 83.50745404887138)",9.4,8,4.7,13.9,98.8,266.7,305.7,211.8,49.2,9.6,2.3,
GONDA,"(27.1096669, 81.9183291218813)",9.4,8.3,6.3,22.3,145,335.4,316.6,230.2,59.1,1.6,9,
GORAKHPUR,"(26.6711433, 83.36457243864551)",10.9,10.9,11.5,27.2,166.9,372.4,384.2,252,69.1,6.4,7.9,
HARDOI,"(27.33857665, 80.0975264641719)",13.1,9.5,5.8,16.9,87.3,264.5,268.5,167.6,57.6,2.7,6.5,
JAUNPUR,"(25.7955927, 82.48834097504385)",10.4,6.9,4.6,11.8,91.2,304.7,255.8,222.4,32.1,7.4,5.6,
KANPUR NAGAR,"(26.4402119, 80.26930513416637)",11.9,6,2.6,7.7,62.2,226.4,263.9,144.3,54.9,2.5,7.2,
LUCKNOW,"(26.8381, 80.9346001)",12.3,7.3,4.1,12.2,85.9,254.6,262.2,169.8,47.9,4.1,6.8,
MIRZAPUR,"(25.101047700000002, 82.62574935763521)",12.6,10,3.8,10.3,91,288.3,290.4,231.4,32.9,9.6,4.9,
PRATAPGARH,"(25.75, 81.75)",9.9,8.1,2,9,81.9,288.7,284.1,197.1,34.3,6.8,6.5,
RAE BARELI,"(26.25, 81.25)",9.3,5.8,3,7.6,68.7,257.7,255.9,168,53.5,1.5,8,
SITAPUR,"(27.5046392, 80.82946583420815)",12.1,11.8,5.4,18.4,113.6,272.6,278,200.6,60.1,3.7,8.5,
SULTANPUR,"(26.242510850000002, 82.29616931685918)",8.7,6.3,4.7,16.9,82.5,303.2,273.2,181.8,45.4,2.4,6.2,
UNNAO,"(26.57550365, 80.61376177782856)",15.1,7.4,3.4,10.5,82.9,249.3,286.4,171.7,56.1,2.2,7.3,
VARANASI,"(25.3356491, 83.0076292)",14.5,9.5,4.7,11.8,93.9,311.6,281.4,236.6,37.5,12.2,5.5,
SONBHADRA,"(24.38657525, 83.07863061278505)",13.9,10.3,6.3,11.9,126.7,286.4,292.8,211,34.8,5.9,7,
MAHARAJGANJ,"(27.09254225, 83.56696261338257)",9.8,12.9,15.7,36.2,187.5,421.3,371.9,233.4,72.3,4.9,5.6,
MAU,"(26.0376878, 83.49793418499047)",9,9,5.7,19.2,117.7,336.9,323.5,226.6,46.6,7.1,4.2,
SIDDHARTH NGR,"(28.6424826, 77.1755884)",10.4,9.3,6,21.8,139.7,357.8,314.7,197.7,63.4,1.6,7.8,
KUSHINAGAR,"(26.7438272, 83.9162322)",10.1,10.9,12.7,36.1,182.6,369.4,365.6,240.8,71.4,4.2,7.5,
AMBEDKAR NAGAR,"(26.40349795, 82.60728148676125)",11,8.5,6.2,17.9,102.2,317.8,282.4,202.4,40.2,3.6,6.3,
KANNAUJ,"(26.999697400000002, 79.68861212775874)",11.5,9,3.7,16.2,58.9,244.5,311.4,161.9,61.4,2.9,5.4,
BALRAMPUR,"(27.4504805, 82.39541774073132)",16.9,8.2,9.3,38.6,141.4,385.4,329.9,215,72.6,1.2,10.6,
KAUSHAMBI,"(25.53868215, 81.45034105480562)",11.7,8.1,3.4,7.4,72.6,258.8,268,166.2,36.1,6.6,7.3,
KANPUR DEHAT,"(26.4600465, 79.85550999615592)",11.4,5.5,2.7,6.3,70.7,237,289.6,167.7,44.4,2.9,5.5,
CHANDAULI,"(25.1265777, 83.2496557733391)",12.1,11.6,5.3,10.3,79,302.3,283.8,181,31.8,10.2,3.7,
SANT KABIR NGR,"(0, 0)",13.1,10.5,5.1,20.8,139.8,356.7,300.5,193.7,50.9,1.2,6.5,
SANT RAVIDAS,"(25.3560294, 82.50057725197018)",12.1,11.6,5.3,10.3,79,302.3,283.8,181,31.8,10.2,3.7,
AGRA,"(27.1752554, 78.0098161)",9.9,8.9,4,9.3,53.8,227.1,280.9,125.4,28.1,5,4.7,
ALIGARH,"(27.833333, 78.166667)",12.6,9.4,5.6,18.4,47.4,213.1,261.9,133.3,39,4.2,6.6,
BAREILLY,"(28.416667, 79.383333)",18.9,12.6,5.6,18.7,96.6,294.7,296.7,165.8,57.9,2.4,6.4,
BIJNOR,"(29.40604895, 78.48087839917878)",25,24.1,8.2,19.1,92,342.4,321,158.8,40,6.4,11.9,
BADAUN,"(28.116667, 78.983333)",16.1,11.7,3.7,14.5,69.4,252.4,292.7,143.5,58.8,2.7,5.9,
BULANDSHAHAR,"(28.5246712, 77.5996529)",13.2,13.1,3.9,14,53.4,224.5,254.4,138.4,36.2,4.2,7.5,
ETAH,"(27.5541146, 78.60078640304634)",12,9.9,4.4,11.6,52.1,201.5,243.1,118.6,41.6,2.3,4.3,
ETAWAH,"(26.718324350000003, 79.09025375025163)",11.7,8.9,2.8,10.5,60.9,222,293.4,151.7,45,2.9,5.9,
HAMIRPUR,"(25.75, 80.0)",11.5,5.3,2.1,6.7,76.3,246.6,309.8,164.2,33.3,3.9,6,
JALAUN,"(26.105546, 79.42765264782076)",11.2,5.7,2,8.1,65.7,239.5,310.8,158.9,47.2,3.6,5.3,
JHANSI,"(25.530130800000002, 78.65242146225927)",10.5,5.3,4.7,8.7,79,271.8,309.9,177.2,37.2,6.6,6.5,
LALITPUR,"(24.70038485, 78.51866758648347)",9.4,6.5,3.4,6.8,86.2,321.7,358.1,173.3,34.1,6.7,7.4,
MAINPURI,"(27.2098219, 79.04813700847944)",9.5,8.1,3.8,9.9,61.3,211.5,245.9,136.6,40.1,3.7,6.2,
MATHURA,"(27.633333, 77.583333)",11.2,9.5,4.5,9.5,41.3,194.7,241.6,102.3,23.6,3.8,4.6,
MEERUT,"(29.000652549999998, 77.76822875372174)",18.3,16,9.4,14.4,62,267,300.7,148.8,41.6,5.4,11.2,
MORADABAD,"(28.8638424, 78.80577833091104)",21.8,13,4.7,15.8,91,292.7,314.8,156.7,47.7,3.3,8.9,
MUZAFFARNAGAR,"(29.44800635, 77.74068502568672)",19.6,14.4,5.9,14.3,64.7,265.2,269.7,137.2,34.5,6.2,12.4,
PILIBHIT,"(28.690806600000002, 79.83107248812297)",16.9,14.3,5.8,23,112.7,326.5,343.5,205.9,73.6,4.4,7.9,
RAMPUR,"(24.890090999999998, 83.73254274787365)",22.5,19.2,7.4,22.2,107,331.5,321.2,155.8,34,4,11.1,
SAHARANPUR,"(29.9880774, 77.5081299470512)",26.5,21.3,5.7,21.2,94.6,277,301.6,131.4,34.5,8.3,14.9,
SHAHJAHANPUR,"(27.912633149999998, 79.74656294869826)",17.5,13,4.8,20.2,96.2,290.4,307.3,165.3,68.5,3.5,7.2,
GHAZIABAD,"(28.6711527, 77.4120356)",18.3,18,6.1,12.5,44.6,213.5,255.6,128,37,5,8.1,
FIROZABAD,"(27.17736635, 78.38991197951182)",10.9,7.5,3.8,10.3,59.5,216.9,258.1,141.8,35.5,2.9,5,
MAHOBA,"(25.36176885, 79.70499475331877)",10.6,4.8,1.2,7.4,66.2,243.1,314.3,152.8,24.9,4.7,5.7,
AURAIYA,"(26.65573395, 79.51504701181831)",16.5,7.7,3.2,10.8,59.8,226.9,268.3,145,50.7,3.7,5.8,
BAGPAT,"(23.4305284, 69.2124939)",16.3,12.7,7.4,13.6,42.8,194,220.3,88.2,21.6,4.9,7,
JYOTIBA PHULE,"(28.76022915, 78.28262527789622)",15.7,15.9,4.4,13.9,59.7,279.3,298.5,145.5,48.6,5.3,7.8,
GAUTAM BUDDHA,"(51.1816631, 4.4064635)",9.3,12.4,5,6,36.9,181.7,228.6,125.6,35.8,3.4,5.4,
ALMORA,"(29.703094999999998, 79.43317023326716)",46.8,47.4,25.5,46.7,132.3,299.9,276.9,149.3,57.2,8.1,21,
CHAMOLI,"(30.5, 79.5)",77.7,81.9,42.9,69.4,108.7,289.6,329.2,131.8,43.5,10.2,24.6,
DEHRADUN,"(30.3255646, 78.0436813)",49.3,49.8,24.2,50.8,185.2,683.3,673.9,259.7,62.6,12.9,20.5,
GARHWAL PAURI,"(30.1479882, 78.7759518)",33.2,35.5,19.4,38.3,123.5,452.5,443.7,193.8,55.7,7.4,17.9,
NAINITAL,"(29.29478295, 79.41548093726253)",41,37.7,20.9,54.4,205,514,458.3,261.8,82.2,6.5,15.9,
PITHORAGARH,"(29.585871, 80.215167)",57.4,65.6,46.2,93.5,299.6,555.8,538.9,293.6,65.3,12.5,19.3,
GARHWAL TEHRI,"(30.40260205, 78.38835789037978)",52.2,56.3,31.7,55.9,136.2,371.5,366.7,172.7,48.4,10.3,28.5,
UTTARKASHI,"(30.7291049, 78.4403495)",72.8,84.9,48.5,102.1,147.6,380.6,405.2,215.2,59.6,13.3,25,
HARIDWAR,"(29.9384473, 78.1452985)",35.9,30.4,12.2,21.8,105.7,332.4,367,156.8,29.7,4.4,14.6,
CHAMPAWAT,"(29.23631315, 80.10172076512075)",39.3,33.7,26.9,52.5,213.1,465.9,406.3,234.4,77.4,8.2,22.7,
RUDRAPRAYAG,"(30.3009965, 79.06287964782695)",73.3,85.4,54.7,94.1,217.7,578,639.4,236,52.6,13.7,30.4,
UDHAM SINGH N,"(28.7055627, 77.1615139)",19,15.7,9,32.9,147.4,402.9,365.8,203.8,73.5,4.5,9.4,
BAGESHWAR,"(30.0084975, 79.93004575415591)",46.8,47.4,25.5,46.7,132.3,299.9,276.9,149.3,57.2,8.1,21,
AMBALA,"(30.3843674, 76.770421)",31.6,25.3,7.7,20.5,105.2,307.8,326,177.6,34.4,8.8,20.9,
GURGAON,"(28.42826235, 77.00270014657752)",11.7,7,6.4,13.9,38,169,185.2,80.1,12.7,5.5,4.3,
HISAR,"(29.080640950000003, 75.788754109493)",12.2,9.7,7.4,14.5,35.1,118.8,113.8,57.4,13,4.5,4,
JIND,"(29.301826249999998, 76.33847076788838)",18.7,12.4,5.4,14.9,40.7,142.3,147,85.6,15.8,5.1,4.8,
KARNAL,"(29.6803266, 76.9896254)",21.4,19.4,8.9,13.1,60.3,197.8,224.3,94.6,26.2,5.9,12.2,
MAHENDRAGARH,"(28.25, 76.166667)",10.9,9.4,5.3,18.9,43.5,154.3,144.4,53.2,14.1,3.5,6.9,
ROHTAK,"(28.9010899, 76.5801935)",16.8,17.7,9.3,19.8,49.5,194.1,195.8,68.6,13.4,5.8,7.9,
BHIWANI,"(28.7931703, 76.1391283)",10.4,8.1,5.5,11.2,32.3,128.2,132,56,13.4,4.2,3.6,
FARIDABAD,"(28.4031478, 77.3105561)",12.3,10.4,10.7,16.1,42.2,201.6,234.7,121.7,18.7,6,6.7,
KURUKSHETRA,"(29.9693747, 76.8482787)",19.4,21.5,9.8,10.2,66.3,202.3,203.3,91.1,23.5,5.2,10.1,
SIRSA,"(29.583333, 75.083333)",11.6,10.1,5.5,12.1,23,99.8,81.7,37.6,13.4,4.9,2.8,
YAMUNANAGAR,"(30.2112003, 77.28638972360895)",34.9,31.9,15.1,26.4,117.8,304.4,325.4,144.5,36,6.8,21.3,
KAITHAL,"(29.822820749999998, 76.37830986647243)",15.2,12.5,5.6,8.5,42.2,128.3,140.1,73.4,14.2,3.9,4.9,
PANIPAT,"(29.3912753, 76.9771675)",15.8,12.6,9.5,9.9,55.1,176.2,203.9,86.5,21.8,4.7,7.5,
REWARI,"(28.1956468, 76.6165179)",8.7,5.2,3,9.9,33.1,150.1,183.5,69.1,13.2,3.5,3.8,
FATEHABAD,"(29.51238035, 75.4291789790538)",11,11.2,6.8,14.9,31.3,104.3,95.9,51.5,12.4,3.6,5,
JHAJJAR,"(28.53364155, 76.68981477716189)",12.5,9.7,7.5,10.6,34.4,159.3,151.2,72.4,11,3.4,4.6,
PANCHKULA,"(30.7137692, 76.86827600027706)",37.4,27.8,11.5,27.9,105.6,327,346.6,171.2,18.7,12.2,18.7,
MEWAT,"(27.993178, 77.04073902524605)",9.6,6.3,5.2,9.8,41.3,167.2,194,99.3,20.7,4.1,5.1,
CHANDIGARH,"(30.72984395, 76.78414567016054)",38.9,33.2,14.8,30.1,120,282.4,287.5,154.3,31.8,9.9,23.4,
NEW DELHI,"(28.6138954, 77.2090057)",16.3,15.3,8.9,19.3,59.8,220.7,245.5,110.2,20.5,5.6,8.6,
CENTRAL DELHI,"(28.69854835, 77.2193906890312)",16.3,15.3,8.9,19.3,59.8,220.7,245.5,110.2,20.5,5.6,8.6,
EAST DELHI,"(28.61976385, 77.30955022430011)",16.3,15.3,8.9,19.3,59.8,220.7,245.5,110.2,20.5,5.6,8.6,
NORTH DELHI,"(28.78722785, 77.09809032829239)",16.3,15.3,8.9,19.3,59.8,220.7,245.5,110.2,20.5,5.6,8.6,
NE DELHI,"(37.3690819, 97.36011)",16.3,15.3,8.9,19.3,59.8,220.7,245.5,110.2,20.5,5.6,8.6,
SW DELHI,"(28.82278195, 77.12576438818729)",16.3,15.3,8.9,19.3,59.8,220.7,245.5,110.2,20.5,5.6,8.6,
NW DELHI,"(28.6138954, 77.2090057)",16.3,15.3,8.9,19.3,59.8,220.7,245.5,110.2,20.5,5.6,8.6,
SOUTH DELHI,"(28.485169399999997, 77.19636520348229)",16.3,15.3,8.9,19.3,59.8,220.7,245.5,110.2,20.5,5.6,8.6,
WEST DELHI,"(28.6479519, 77.08556541088615)",16.3,15.3,8.9,19.3,59.8,220.7,245.5,110.2,20.5,5.6,8.6,
AMRITSAR,"(31.6343083, 74.8736788)",29,35.4,20.9,17.1,43.1,211.4,194.1,89,28.7,7.6,15,
BATHINDA,"(30.17911535, 75.04710156312628)",17.4,13,8,9.7,33.5,109.6,115.4,62.5,19.2,2.7,5.4,
FEROZEPUR,"(30.6839733, 76.3594033)",14.5,21.3,9.3,15.4,31.3,128.4,124.7,67.9,12.3,5.1,9.7,
GURDASPUR,"(32.166667, 75.316667)",49.9,53.8,25.7,21.3,57.1,324.6,319.9,126.2,37.2,11,25.8,
HOSHIARPUR,"(31.60857425, 75.84644246890946)",39.8,39.8,16,20.4,74.9,275.7,241.5,125.8,31.5,9.3,20,
JALANDHAR,"(31.29201065, 75.56805772253911)",28.6,30.7,13.7,20.2,48.5,203.9,188.1,111,21.9,7.3,16.6,
KAPURTHALA,"(31.38524095, 75.30552273989395)",21,25.8,9.5,14.1,37.1,166.3,136.5,82.7,31.4,5.4,10.6,
LUDHIANA,"(30.9090157, 75.851601)",26.1,26.5,12.1,16.6,51.2,203,178.3,101.7,25.7,5.4,14.7,
PATIALA,"(30.2090874, 76.3398720856221)",24.7,20.9,9.3,15.3,54.9,235.9,208.5,115.9,21.1,4.3,14.5,
RUPNAGAR,"(31.09168085, 76.5272673916138)",38.9,51.2,14.7,25.6,65.4,291,252.9,119.2,19.7,13.2,23.1,
SANGRUR,"(30.135825699999998, 75.8535154380713)",19.3,15.9,10.4,18.7,44.8,160.5,145.8,85.7,20.4,4.7,12.9,
FARIDKOT,"(30.60092505, 74.79477422840449)",14.3,17,8.1,13.9,36,120,103.8,65.3,9.8,3.8,7.5,
MOGA,"(30.7839866, 75.16057422541162)",13.4,15,9.7,15.7,33.7,123,133.5,63.8,20.9,3.1,7.5,
NAWANSHAHR,"(31.126888899999997, 76.15768480633812)",39.9,38.6,15.9,19.2,85.3,309.6,254.9,138.8,29.6,10.1,24.9,
MUKTSAR,"(30.4692, 74.5182)",12.7,18.2,7,10.9,31.2,113,107.5,60.1,11.2,3.5,7.5,
MANSA,"(29.8769971, 75.4889866137018)",18.4,11.3,7.2,8.9,30.3,110.9,122.8,70.8,18.2,2.4,6.3,
BARNALA,"(30.3704685, 75.504017418548)",16.9,10,11.5,9.6,30.3,129.4,117.5,78.4,18.3,3.9,8.9,
TARN TARAN,"(31.351007, 75.1501011)",18.3,21.5,10.4,12.4,23.5,133.6,111.4,68.3,17.8,4.5,9.5,
BILASPUR,"(28.8680526, 79.29838501460121)",66.8,54,26.1,41.1,107.4,311.8,304.2,153.6,27,14,28.7,
CHAMBA,"(32.518429, 76.23086565661742)",112.8,120.3,51.2,53.4,132.4,567.3,479.2,227.5,48.7,21.9,56.2,
KANGRA,"(32.166667, 76.25)",80.2,84.9,39.9,45.1,145.6,583.2,619.4,233.9,48.1,15.8,40.7,
KINNAUR,"(31.5864184, 78.396745)",107.8,113.9,77.4,69.4,37.1,75,81.3,70.8,35.4,17.5,48.7,
KULLU,"(32.00186325, 77.37899639741332)",97,135.2,79.5,72.1,82.4,184.8,165.9,86.6,32,23.4,42.3,
LAHUL & SPITI,"(32.53924315, 77.19817948616455)",137.1,176.6,108.9,91.7,52.4,164.5,139.9,101.4,52.2,29.6,61.7,
MANDI,"(31.6723392, 76.95331690779145)",67.5,81.7,48.3,64.3,160.1,411.2,370.1,152,34.4,15.3,30.9,
HAMIRPUR,"(25.75, 80.0)",61.4,59.1,27.1,42.7,143.3,384.8,391.2,159.6,41.1,13.9,31,
SHIMLA,"(31.1041526, 77.1709729)",70.3,80,48.3,65,104.7,226.9,189,113.3,32.6,13.9,28.3,
SIRMAUR,"(30.75, 77.5)",53.3,42.4,20.4,31.9,140.9,508,485.6,190.1,44,9.2,34.1,
SOLAN,"(30.92589585, 77.08200509063624)",66.1,62.6,27.9,48.8,130.3,368.4,331.8,169.6,44.1,12.9,32,
UNA,"(31.583333, 76.25)",45.1,40.9,17.2,26.8,67.6,340,310.3,144.8,32.1,15.5,24.1,
ANANTNAG,"(33.7368773, 75.1455138)",100.7,152.7,113.4,101.1,65.2,87.4,82.1,50.4,39.5,38.5,55.4,
BARAMULLA,"(34.205005650000004, 74.36221081111597)",157,189.6,145.9,111.4,60.5,71.2,70,46,47.6,35.9,80.8,
DODA,"(33.1449112, 75.5473969)",161.8,213.5,127.5,100.4,72.6,146.4,125.8,96.6,40.9,46.5,84.1,
JAMMU,"(32.7185614, 74.8580917)",66.6,68.9,37.2,39.9,63.9,366.6,323.6,106.4,31.5,15.7,34.7,
KATHUA,"(32.4288215, 75.56286458392415)",59,45.4,20,12.5,62.5,387.8,404.2,127.5,29,8.6,26,
LADAKH (LEH),"(34.1642029, 77.5848133)",7.3,8.8,8,8,3.8,13.1,14.1,8.6,7.2,3.6,4,
UDHAMPUR,"(33.0, 75.166667)",120.3,134.8,64.3,41.1,91.5,514.7,551.1,219.9,42.6,24.8,60.3,
BADGAM,"(34.0154721, 74.7220085)",65.9,106.8,88.1,79.3,35.3,55.5,55.1,40.5,32.8,27.7,28.1,
KUPWARA,"(34.611023599999996, 74.238478667319)",126.3,240.6,154.8,99.6,59,88,74.7,31.5,51.1,52,68,
PULWAMA,"(33.8756947, 74.9003129)",48.2,77.2,72.4,57.9,25.5,42.5,47.4,36,21,12.9,21.1,
SRINAGAR,"(34.0747444, 74.8204443)",68.8,104,86.8,68,37.4,55.6,60.9,30.4,31.7,29,44.3,
KARGIL,"(34.5594418, 76.1255982)",25.6,25.1,19.7,22,5.5,11.6,24,8.6,14.5,20.6,20.5,
POONCH,"(33.8572218, 73.7604031)",124.2,158.5,99,69.6,116.6,344.2,191.5,108.2,27.4,40.4,55.6,
RAJOURI,"(33.3772495, 74.3132332)",66.7,60.6,23.6,27.5,46.4,249,253.8,100.3,38.8,11.3,19.9,
BANDIPORE,"(34.4563234, 74.68249997667994)",93.3,119.6,89.4,63.5,30.8,46.1,57.8,33.9,38,26.6,32.7,
KULGAM/(ANT),"(33.7385845, 75.1074346)",70.6,131.9,130.6,107.1,41.6,79.9,78.8,68.6,38.1,27.8,28,
SHOPAN,"(35.6969953, 139.7689027)",72.9,119.1,121.3,90.8,42.7,85.1,91.9,46,31.9,28.6,39.9,
SAMBA,"(12.7052899, -2.4007251419869844)",66.6,68.9,37.2,39.9,63.9,366.6,323.6,106.4,31.5,15.7,34.7,
REASI,"(33.069103150000004, 74.8378698208889)",93,84.6,43.5,40,83.2,440.5,556.9,242,42.2,12.2,56.9,
BARMER,"(25.75, 71.5)",1.7,2.3,3.2,9.1,27.4,88.6,86.7,40.7,4.1,3.2,0.4,
BIKANER,"(28.0159286, 73.3171367)",7.8,5.7,4.1,14.3,29.2,85.7,74.6,39.2,4.4,2.5,2.4,
CHURU,"(28.5, 74.5)",7.4,6.3,4.9,16.4,37.7,126.6,101.7,47.7,9.9,2.4,2.4,
SRI GANGANAGA,"(29.9270556, 73.8761519)",8,9.3,7,11.6,25.5,79.3,64.9,31.7,3.1,2.1,4.4,
JAISALMER,"(26.921761, 70.9191144)",2.9,2.2,3.8,6.6,19.4,59.3,56.9,22.8,3.1,1.5,1,
JALORE,"(25.3476006, 72.6260916)",1.1,2.6,1.4,8.2,34.5,161.1,132.2,66.4,9.2,7.6,1,
JODHPUR,"(26.2967719, 73.0351433)",3.1,2.7,5.2,11.1,27.9,109.5,94.6,42.5,4.9,2.7,1,
NAGAUR,"(27.0237969, 74.2037201)",5.5,2.7,4.7,15.3,42.5,142.6,116,47.4,7.9,2.6,2.8,
PALI,"(48.8534951, 2.3483915)",2.5,2.9,2.7,9.5,41.9,177.3,152.9,74.6,11.9,4.6,1.2,
HANUMANGARH,"(29.5760254, 74.3342203)",8.6,5.7,4.9,13,32.2,103.4,83.4,33.5,3.4,3.6,2.4,
AJMER,"(26.4691, 74.639)",2,2.1,2.2,8.9,43.6,171,155,60,9.7,2.5,1.5,
ALWAR,"(27.5, 76.5)",10.2,5.6,5.5,15.8,44.2,196.9,213.3,100.9,20,4.1,4.8,
BANSWARA,"(23.5, 74.333333)",0.5,1.6,0.9,5.2,97.7,284.3,302.5,147.3,24.4,12.6,3.2,
BHARATPUR,"(27.6879749, 84.43607127241971)",8.9,5.3,3.8,11.2,40.4,184.7,229.8,102.7,17.7,3.4,3.9,
BHILWARA,"(25.4889628, 74.71640140204903)",3.8,3.9,3,10.4,60,213.6,217.7,89.6,11.7,8,3.7,
BUNDI,"(25.5, 75.833333)",3.3,3.3,2.3,6.6,62.2,256.6,235.8,101.3,16.7,8.3,3.6,
CHITTORGARH,"(24.8837157, 74.6244155)",1.5,2.7,3.3,10.1,71.5,249.9,269.9,118.4,18.1,13.2,2.4,
DUNGARPUR,"(23.666667, 73.75)",0.6,1.8,1.2,4.6,77.1,228.5,221.9,110.3,14.8,12.6,2.7,
JAIPUR,"(26.9154576, 75.8189817)",7.5,2.4,3.9,15,52.1,206.9,192.5,73.1,11.8,2.7,2.6,
JHALAWAR,"(24.416667, 76.25)",2.3,3.4,1.4,7,84.1,285.8,335.8,149.4,27,11.6,5.6,
JHUNJHUNU,"(28.1287995, 75.3992581)",9.1,6.3,5,20.7,52.9,153.1,144,60,13.3,3.5,5.4,
KOTA,"(25.1737019, 75.8574194)",3.2,3.2,2.5,6.9,69.8,275.2,276.8,124.5,24.9,10.6,3.5,
SAWAI MADHOPUR,"(26.5, 76.75)",6.4,2.9,2.9,9.8,53.9,253.4,264.5,92.2,19.4,4.7,3.6,
SIKAR,"(27.66241555, 75.02799709983499)",8.3,4.2,4.7,19.1,48.2,167.1,134,53.2,10.7,3.8,3.3,
SIROHI,"(24.833333, 72.75)",1.5,3.2,2.7,10.1,72.2,332,313,151.4,12.9,8.6,1.7,
TONK,"(26.1647019, 75.576596)",5.3,2.7,3,10.1,56.1,219.7,210.5,79.7,13.9,4.9,3,
UDAIPUR,"(24.578721, 73.6862571)",2,4.3,2.2,8.2,73.6,207.5,203.7,106.5,15.2,11.1,2.6,
DHOLPUR,"(23.3812393, 76.816535)",9.5,7,2.5,8.6,54.5,211.7,266.1,117.7,26.3,4.3,5.3,
BARAN,"(24.92077465, 76.68218371245564)",3.2,2.8,1.7,6.5,73.3,295.3,303.6,120,25.2,9.7,4.3,
DAUSA,"(26.893342, 76.3376514)",7,4.2,4.1,12.8,52.4,237,228.2,94.5,17.1,4.7,4.1,
RAJSAMAND,"(25.0585825, 73.8880816)",2.2,3.7,2.6,12.3,68.1,176.8,177.6,83.5,13.7,6.9,3.1,
KARAULI,"(26.4956, 77.0275)",7.7,3.5,2.4,9.9,50.8,220.5,269.8,96.3,17,5.4,3.8,
BETUL,"(21.8796162, 77.87568124563079)",8.5,9.3,5.9,6.4,137,290.6,293.4,197.5,49.4,13.4,9.9,
VIDISHA,"(23.5225788, 77.8148001)",8.2,5.1,1.4,4.4,110.3,356.2,376,162.5,24,11.9,10.8,
BHIND,"(26.5, 78.75)",7.1,4.2,1.3,4.6,55.6,221.5,261.4,147,39.5,3.9,6.9,
DATIA,"(25.75, 78.5)",8.5,5,3.4,6.6,62.2,246,293,174.6,39.8,4.1,7.9,
DEWAS,"(23.0, 76.166667)",4,3.8,1.3,6.2,127.9,311.6,330.7,179.6,34.4,13.5,10.9,
DHAR,"(22.5, 75.25)",1,1.4,0.8,4.1,126.4,266.3,261.5,172.6,34.8,11.1,2.8,
GUNA,"(24.5, 77.5)",7.1,6.3,2.7,8.6,87.3,336.6,356,163.1,28.6,10.6,9.3,
GWALIOR,"(26.2037247, 78.1573628)",8.6,5.5,3.7,8.2,71.8,258,289.7,171.1,41.5,5.1,8.2,
HOSHANGABAD,"(22.6503147, 77.7509281)",8.3,9.1,3.2,8.1,140.3,416.6,464.4,267.8,37.4,15,10.2,
INDORE,"(22.7203616, 75.8681996)",2.3,1.8,1.2,8.3,120.4,270.9,266.9,181.5,38.3,14.1,5.7,
JHABUA,"(22.88585225, 74.72513368804519)",0.3,0.9,0.9,7.8,108.2,240.6,248.3,148.2,39,12.4,3.6,
MANDSAUR,"(24.2627979, 75.38588022856008)",1.8,3.8,3.9,3.6,81.7,276.7,276.9,144.7,35.8,13,3.3,
MORENA,"(26.166667, 77.5)",7.5,5.3,2.6,6.5,52.7,236,284.1,135.4,25.8,3,6.4,
KHANDWA,"(21.9778642, 76.5688282326971)",4.1,5.8,2,9.7,125.3,268.1,279,178.4,35.4,14.6,10.3,
KHARGONE,"(21.825599, 75.614182)",2.8,2.1,1.4,7.1,131.5,229.2,237.3,160.5,31.5,10.7,7.8,
RAISEN,"(23.25, 78.083333)",9.4,6.4,1.8,6.4,128.9,373.1,405.9,206.9,32.9,9.9,8.7,
RAJGARH,"(23.87167135, 76.7748902040889)",3.9,4.8,1.4,5.6,94.6,301.5,339.5,154.6,27,14.6,9.1,
RATLAM,"(23.502187, 74.95397841237119)",1.9,2.1,2,5.1,103.9,295.4,299.2,172.8,41.1,12.7,6.9,
SEHORE,"(23.1156882, 77.06623939176504)",6.8,4.2,1.2,7,125.1,349.6,391.5,201.3,33.5,14.2,9.2,
SHAJAPUR,"(23.37074105, 76.62051527475785)",3.3,3.7,1.8,6.9,95.6,299,316.3,163,29.2,11.6,8.8,
SHIVPURI,"(25.37524125, 77.82811932629714)",6.8,3.6,2.3,6.9,70.5,276.1,280,153.2,31.8,7.5,7.7,
UJJAIN,"(23.1885131, 75.7716562)",2.1,2,0.8,5.4,104.7,276.6,291.6,160.8,35,12.9,7.4,
BHOPAL,"(23.2584857, 77.401989)",7,6.5,2.5,9.7,111.8,338.5,355.9,192.4,33.8,8.3,9.5,
HARDA,"(22.3388828, 77.0929933)",6.2,3.1,0.9,6.4,110.3,340.6,379.8,211.6,37,14.2,9.2,
NEEMUCH,"(24.630173499999998, 75.18310517566626)",2.8,3.7,2.3,6.1,85.2,264.5,258.8,138.9,31.2,12.3,3.5,
SHEOPUR,"(25.6656611, 76.6954843)",3.3,4.3,2.2,6.8,69.1,271.8,278.2,108.3,27.7,4.9,5.5,
BARWANI,"(22.0333621, 74.8978374)",0.8,1.9,0.9,7.2,105.6,198,194.6,137.2,35.5,10.8,5.8,
BURHANPUR,"(26.2697215, 82.99442536730413)",2.9,6.7,2.1,16.2,158.9,223.9,251.8,149.6,45.7,16.2,10.9,
BALAGHAT,"(21.966667, 80.333333)",15.3,15.1,7.1,6.7,184.5,475.3,451.9,222.9,56.4,8.2,17.3,
CHHATARPUR,"(24.75, 79.75)",12.6,6,3.1,5.3,95,317.3,369.6,203.1,34.2,9.2,8.4,
CHHINDWARA,"(22.139831049999998, 78.80964495467987)",14.7,17.3,8,8.8,146.8,283.6,278,174.4,43.5,16.2,12.8,
JABALPUR,"(23.1608938, 79.9497702)",11.4,11.4,3.7,7.6,124.6,355.1,411.1,199.5,32.9,7.9,9,
MANDLA,"(22.68536625, 80.58150561711888)",22.6,22.8,9.6,7.5,157.4,432.2,442.5,213.7,40.4,9,14.6,
NARSINGHPUR,"(22.9467047, 79.1980228)",10.6,5.8,2,6,113.1,353.7,383,217.3,30,7.9,6.2,
PANNA,"(24.5, 80.25)",14.8,8.7,2.5,4.1,111.8,358.7,391.4,210.2,31.4,7.8,7.8,
REWA,"(24.756718, 81.65493468694177)",13.9,10.4,3,4.7,121.4,307,326.7,216.6,31.4,8.8,6.6,
SAGAR,"(23.80961225, 78.75911360578634)",12.2,10,2.3,6.9,127.7,352.6,410,197.8,33.3,11.5,10.1,
SATNA,"(24.5, 81.0)",15.7,9.5,3.8,4.6,120.7,305.7,333,193.8,32.1,8.6,5.5,
SEONI,"(22.275878900000002, 79.721044651047)",18.7,22.7,9.6,9.8,163.6,357.9,324.1,192.8,44.4,15.9,13.9,
SHAHDOL,"(23.3002343, 81.364771)",19.1,13.1,5,7.7,122.6,313.8,364.2,194.1,31.5,6.2,9.1,
SIDHI,"(24.25, 82.0)",14.7,11.6,3.4,9.4,129.1,323.3,332.6,231.4,35.5,8,7.3,
TIKAMGARH,"(24.855778049999998, 79.04706346996252)",7.1,4.5,1.8,4.9,82.8,281.9,332.8,155.7,29.4,7.4,10.1,
KATNI,"(23.8339621, 80.392456)",13.7,9.1,2.2,3.3,112.2,354.4,391.1,193.6,30.9,5,5.7,
DINDORI,"(22.907368650000002, 80.88511429688029)",19.4,13.8,5,9.1,196.9,413.3,403.4,192.3,37.2,10.1,16.6,
UMARIA,"(23.64319305, 80.94239522009255)",21.5,16.2,7.4,7.9,124.9,339.8,415.2,214,38.7,9.7,13.7,
DAMOH,"(23.75, 79.583333)",16.5,10.9,5.6,5.3,121.6,360.3,399.1,190,32.6,9.2,9.3,
SINGRAULI,"(24.1974432, 82.6661453)",12.6,7.8,3.4,4.8,112.1,262.3,272.8,185.1,38.2,4.4,7.3,
AHMEDABAD,"(23.0216238, 72.5797068)",0.3,0.5,0.7,5.9,91,215.4,190.8,105.4,19.1,8.2,1.8,
BANASKANTHA,"(24.172056, 72.431134)",1.3,2.4,0.9,3.7,63.4,220,181.5,98.6,16.7,7.4,1.1,
BARODA,"(22.2973142, 73.1942567)",0,0.5,0.8,4.6,138.8,332.5,306.3,165.2,25.9,14,2.4,
BHARUCH,"(21.75, 73.0)",0.1,0.8,0.1,4.9,135.4,283.2,221.2,146.4,22.9,8.3,1.3,
VALSAD,"(20.43219565, 73.14098929730321)",0.1,0.5,0,6.3,350.5,771.8,522.1,306.9,48,13.8,1,
DANGS,"(20.788171849999998, 73.70920325426432)",1,1.4,3.4,12.5,258.6,749.8,588.6,364.7,66,13.1,2.4,
KHEDA,"(22.75, 72.833333)",0.4,1.3,0.4,4.5,110.3,291,259.8,150.5,18,11.3,1.4,
MEHSANA,"(23.6015557, 72.3867981)",0.6,1,1,5.7,73.9,248.2,208,125.6,18.4,7,2,
SABARKANTHA,"(24.0294885, 73.0459884)",0.6,2.3,1.4,4.5,89.1,289,260.8,139.8,18.5,7.3,1.9,
SURAT,"(45.9383, 3.2553)",0.1,0.9,0.1,5.4,223.4,495.7,326.6,207.9,31.7,11.5,1.4,
GANDHINAGAR,"(23.2232877, 72.6492267)",0.6,0.7,0.4,6.8,72.3,280.6,223.3,139.4,18.5,6.6,2.6,
TAPI(SRT),"(24.4578557, 54.3895486)",0,0.8,0.1,8.1,234.8,574.5,442.7,232.9,28,11,3.1,
AMRELI,"(20.866667, 70.75)",0.2,1.4,0.2,3.2,104.8,190.8,126.2,96.4,25.4,16.6,1.5,
BHAVNAGAR,"(21.7718836, 72.1416449)",0.3,1.2,0.1,2.9,115.5,178.8,140,103.4,22.2,12.4,1,
JAMNAGAR,"(22.4732415, 70.0552102)",1,2.7,0.3,1.5,89.1,196.6,118,58.7,16.8,12,0.7,
JUNAGADH,"(21.518558900000002, 70.45917211724378)",0.4,0.3,0.1,1.2,190.2,334.1,165.5,97.4,27.6,12.7,0.4,
KUTCH,"(38.910548, -103.8693974)",0.7,1.7,0.2,2.8,45.1,151.5,103.9,60.8,12.5,7.7,1.3,
RAJKOT,"(22.3053263, 70.8028377)",0,0.9,0.4,2.9,96.6,216.4,144.2,82.9,22.9,10.1,1.5,
SURENDRANAGAR,"(22.75, 71.666667)",0,0.1,0.3,4.7,99.7,168.8,148.1,83.2,17.5,11.3,0.7,
PORBANDAR,"(21.6409, 69.611)",0.9,1.3,0.1,1.6,166.3,277.3,145.6,83.5,25.2,13.7,0.6,
DNH,"(37.1438001, 35.4984094)",0.3,0,0,7.4,385.1,884.5,655.9,391.4,38.6,10.5,0,
DAMAN,"(20.42000485, 72.86376290300566)",0.3,0,0,7.4,385.1,884.5,655.9,391.4,38.6,10.5,0,
DIU,"(20.718174949999998, 70.93238341010638)",0.7,0.4,0.2,0.9,167.9,281.7,133.3,63.8,32.5,14.3,0.9,
MUMBAI CITY,"(18.9733536, 72.82810491917377)",1,0.4,1,18,539,785.4,508.7,309.3,77.1,12.3,4.3,
RAIGAD,"(18.4928092, 73.13807095426539)",0.2,0.1,1.8,20.3,656.8,1209.8,852.8,398.3,114.6,19.7,4.3,
RATNAGIRI,"(17.282607900000002, 73.4569787039826)",0,0.1,3.5,31.7,829.9,1212.7,859.2,359.7,143.1,24.9,5.7,
THANE,"(19.1943294, 72.9701779)",0.3,0.3,0.7,13.9,436.4,973.7,677.8,340.4,84.5,12.4,1.5,
SINDHUDURG,"(16.135719299999998, 73.65220860183584)",0.1,0.4,4.3,58.9,909.5,1100,706.9,305.4,142.9,30.5,10,
MUMBAI SUB,"(20.280945, 72.955705)",1,0.4,1,18,539,785.4,508.7,309.3,77.1,12.3,4.3,
NORTH GOA,"(15.60444125, 74.00172406307475)",0,0.7,9,94.3,949.8,1182.6,730.2,292.3,165.7,35.1,11.3,
SOUTH GOA,"(15.21961365, 74.1152813019196)",0.1,0.4,6.6,81.2,866.4,1033.6,637.4,269.5,145.7,34.9,9.1,
AHMEDNAGAR,"(19.162772500000003, 74.85802430085195)",1.3,3,5.3,21.6,104.9,101.8,91.8,139.1,73.8,22.5,7.5,
DHULE,"(21.13170235, 74.48990147066098)",1,3.2,1.6,10.3,117.5,168.9,131.4,105.7,43.5,16.7,4.9,
JALGAON,"(20.84288265, 75.52612463784979)",2.4,4.3,1.4,7.5,132.1,191,195.6,123.1,46.1,17.1,7,
KOLHAPUR,"(16.7028412, 74.2405329)",0.8,4.6,25.9,60.2,351.5,723.7,477.2,185.2,125,30.4,7.3,
NASHIK,"(20.0112475, 73.7902364)",0.5,1,4.7,15.1,154.9,315,259,183.3,68,22.3,4.6,
PUNE,"(18.521428, 73.8544541)",0.1,1.6,7.6,27.4,156.9,312.9,225.1,166.1,87.1,24.3,6,
SANGLI,"(17.1726928, 74.58676543279755)",0.8,4.3,22.6,54,119,150.6,107.2,131.3,108.3,25.2,5.6,
SATARA,"(17.63612885, 74.29827807601782)",0.7,3.1,14,36.4,150.7,254.4,175.2,143.5,95.6,29.9,8.3,
SOLAPUR,"(17.84990665, 75.27632027348457)",1.5,3.4,9.2,29.8,102.7,99.8,101.6,170.1,94.5,24.6,6.6,
NANDURBAR,"(21.51450155, 74.54070114836503)",0,0.3,1.5,9.3,137.6,301.4,243.3,146.1,37.2,10.6,2.4,
AURANGABAD,"(24.786306, 84.41448983395554)",1.6,3.1,2.8,17.1,130.4,156.3,157.9,149.6,59.2,25,10.7,
BEED,"(18.9918442, 75.90978399809711)",2,3.8,7,19.7,128.3,136.2,137,167.9,71.3,22.6,10.1,
NANDED,"(19.09400875, 77.48319215130235)",4.5,8.4,8.8,15.9,155.2,247.1,242.6,171.5,79.9,16.2,6.1,
OSMANABAD,"(18.28224535, 76.05881660170444)",2.6,3.9,7.5,26.3,132.1,154.2,154.2,182.9,85.3,22.3,4.6,
PARBHANI,"(19.29031365, 76.60290343431203)",2.9,7.9,7.5,14.4,154.6,215.3,219.9,167.4,74.4,16.9,10,
LATUR,"(18.35159075, 76.75542361334745)",3.6,7.8,11.5,21.1,144.8,217.9,220.4,169.4,81,22.4,5.7,
JALNA,"(19.918832950000002, 75.87085986165867)",2,4.5,2.7,17.5,139.3,165,159.9,142.2,61.2,24.1,8.1,
HINGOLI,"(19.54140965, 77.17376601317515)",4.8,7.2,6.1,13.4,185.2,243.3,255.7,164.9,66.2,18.2,9.4,
AKOLA,"(20.76181225, 77.1921156663574)",5.3,8.8,4.4,9.7,142.9,226.3,204.3,128.8,52.8,16.7,6.8,
AMRAVATI,"(21.15454115, 77.64429617998744)",6.3,7.8,3.7,6.4,137.2,254.2,243.8,151.4,53,15.2,8.3,
BHANDARA,"(21.12304765, 79.79390882119336)",13.2,17.7,10.2,11.4,168,376.4,391.2,201.6,61.8,13.4,11.9,
BULDHANA,"(20.562845000000003, 76.40869861474177)",3,6.1,2.9,8,139.7,191.5,195.3,120.1,52.7,16,7,
CHANDRAPUR,"(20.0967555, 79.50454752230621)",8.9,14.6,10.8,11.6,180.6,374,374.1,203.1,65.1,9.9,7.9,
NAGPUR,"(21.1498134, 79.0820556)",10.9,15.9,9.7,11,158,308.9,280.6,176.4,56.9,14.3,12.1,
YAVATMAL,"(20.325703750000002, 78.11691396684715)",4.6,11,7.7,11.9,173.6,267.1,262.8,151.5,61.9,13.2,8.9,
WARDHA,"(20.82562315, 78.61314549522919)",9.2,13.1,8.5,15.9,169.7,273.6,273.2,163.8,57.9,15.1,15.8,
GADCHIROLI,"(19.759070350000002, 80.16228072580182)",7.6,14,12.2,17,209.2,454,441.4,198.4,68.8,11.2,6.4,
WASHIM,"(20.287417750000003, 77.23696550258964)",5.7,7.5,4.9,8.3,173,245.4,250.4,156.8,61,11.5,7.4,
GONDIA,"(21.455228, 80.1962729)",11.2,16.3,9.1,8.4,174.1,418.1,424.3,212.3,58.9,10.7,12.1,
BASTAR,"(19.11912825, 81.82918648971713)",8.6,16.2,36.7,38.6,203.8,350.9,373.9,225.6,81.4,12.4,6.3,
BILASPUR,"(28.8680526, 79.29838501460121)",17.2,17.9,15,18.1,171.1,357.9,336.3,202.5,54.8,9.4,11.4,
DURG,"(21.1982964, 81.40079215767969)",5.7,12.3,7,9.3,173,325.6,320.7,198.7,56.5,4.7,3,
RAIGARH,"(22.5, 83.5)",12.8,11.6,11.4,18.3,179.8,373.2,356.9,233.6,49.5,6.6,5.2,
RAIPUR,"(21.2380912, 81.6336993)",8.5,12.3,9.2,16.5,170.3,352.9,327.1,196.7,52.6,7.4,4.6,
SURGUJA,"(23.25, 83.0)",15.1,13.6,8.5,14.5,198.5,393.7,379.2,223.7,50.7,9.2,6.5,
RAJNANDGAON,"(21.06844245, 80.797077941564)",9.2,12.6,7.8,15.5,169.3,351.6,341.1,214.6,60.9,8.4,9.3,
DANTEWADA,"(18.8640648, 81.38339468738648)",0.8,4.5,14.7,21.9,180.5,407.9,381,208.7,93.2,10.8,1.3,
KORBA,"(22.3547468, 82.7110855)",15.4,15.8,12.4,12.2,183.2,409.8,434.7,215.8,47.1,14.2,7.7,
JASHPUR,"(22.770251000000002, 83.97080132252168)",21.2,13.8,17.9,31.6,245.2,428.6,417.4,257.4,75.5,9,7.2,
DHAMTARI,"(20.7084545, 81.5481305)",9,11.4,11.3,17.2,157.9,357.8,326.6,208.3,57.8,4.2,3.2,
MAHASAMUND,"(21.19228455, 82.48902633077708)",7.8,12.2,5.6,10.4,171.8,332.4,339.9,199.9,49.8,5.3,2.5,
KORIYA,"(23.431601399999998, 82.31383043383778)",7.2,9.8,4.3,5.8,159.7,389.1,382.8,207.3,29.2,6.4,5.9,
NARAYANPUR,"(25.3668391, 86.87280600389312)",8.7,14.7,22.7,24.5,189.3,399.9,425.7,212.5,84.7,10.9,4,
BIJAPUR,"(18.7935679, 80.815939)",4.2,11.9,18.9,12.4,195.9,458.2,486.1,228.9,92.8,9.4,3.3,
EAST GODAVARI,"(16.99842865, 81.71561488059287)",10.1,11.3,22.8,75.3,131.9,206.4,188.4,177.2,199,69.8,7.8,
WEST GODAVARI,"(16.63713765, 81.58909665667748)",10.7,8.7,19,55.8,135.8,240.2,227.8,180.1,197.8,66.7,11.7,
GUNTUR,"(16.2915189, 80.4541588)",7.7,7.7,15,58.4,90.2,147.3,155.4,150.1,143.9,75.8,14.5,
KRISHNA,"(16.21399145, 81.02572813603345)",6.3,8.7,16.9,46.8,120.9,216.6,194.2,169.7,164.2,66.1,12.1,
NELLORE,"(14.4493717, 79.9873763)",11.6,6,15.2,51.4,53.4,91.2,95,112.8,248.2,283.9,107.2,
PRAKASAM,"(15.6589741, 79.47164372680194)",8.8,10.5,14.9,52.3,64.3,99.3,95.9,123,181.9,115,32.1,
SRIKAKULAM,"(18.32002205, 83.91607719937166)",18.1,17.2,26.3,63.9,145,190.2,202.4,208.1,211.4,69.8,4.9,
VISAKHAPATNAM,"(17.7231276, 83.3012842)",10.8,17.6,44.7,96.6,132.6,178.2,178.2,185.4,204.3,59.2,4.3,
VIZIANAGARAM,"(18.1120819, 83.4052196224888)",14.4,17.7,32.3,90.7,140.7,181.5,194.8,209.1,188.1,56.3,6.1,
ADILABAD,"(19.5, 78.5)",7,11.4,11.9,18.2,178.4,317.4,291.7,171.4,83,14.8,7.3,
HYDERABAD,"(17.360589, 78.4740613)",7.4,14.6,20.4,33.8,110.7,176.8,190.5,165.5,95.6,23.7,6.4,
KARIMNAGAR,"(18.4348122, 79.1328042)",5.6,10.8,15.7,24,153.2,257.3,226.7,163.1,85.9,20.8,5.9,
KHAMMAM,"(17.5, 80.333333)",7.1,10.6,23.8,52.6,150.3,282.8,256.4,170.9,106.9,24.5,4.5,
MAHABUBNAGAR,"(16.696568550000002, 77.95911462089693)",2.9,5.6,16.6,34.1,91.1,161.6,158.2,148.8,85.4,21.2,3.8,
MEDAK,"(17.9375095, 78.21174498510584)",4.9,9.5,18.8,28,138.2,229.4,211.1,165.2,86.6,19.3,4.8,
NALGONDA,"(16.8579636, 79.21749353315548)",4.3,9.2,15.1,28.7,103.2,154.7,147.2,149.6,105.8,32,6.6,
NIZAMABAD,"(26.055317950000003, 82.99313867937335)",4.4,8.8,12.3,24.5,161.3,289.4,296.5,172.9,91.3,17.1,5.5,
WARANGAL,"(17.9820644, 79.5970954)",7.8,12.3,14.2,28.7,147.6,271.2,222.3,155.5,88.9,22.9,7.2,
RANGAREDDY,"(17.133395399999998, 78.3970978701631)",4,7.4,21.1,34.6,109.4,190.6,176.5,177.2,94.5,19.1,4.3,
ANANTAPUR,"(14.6546235, 77.55625984224562)",3.3,6.1,18.9,56.7,55.2,64.3,74.5,128.8,115,35.3,11.6,
CHITTOOR,"(13.1601048, 79.15555061803596)",7.6,10.1,25.6,67.2,66.8,100.1,110.2,140,167.2,137.3,58.4,
KURNOOL,"(15.8309251, 78.0425373)",1.9,5.7,18.3,51.7,80.5,115.8,124.3,139.6,105.6,28.4,6.6,
VELLORE,"(12.7948109, 79.0006410968549)",6.8,9.2,22.3,75,65.9,107.3,129,163.9,163.2,127.2,58.3,
COIMBATORE,"(11.0018115, 76.9628425)",12.2,17.2,53.4,79.7,32.9,47.2,40.6,69.1,151.9,129.6,47.4,
DHARMAPURI,"(12.09680475, 78.19304301026716)",10.2,15.9,41.7,102.8,53.6,77.9,99.3,162.6,180.5,103.3,46.3,
KANYAKUMARI,"(8.079252, 77.5499338)",22,42.5,104.3,141.5,186.1,112.5,76.7,102.1,226.3,208.6,61.5,
CHENNAI,"(13.0836939, 80.270186)",14.6,3,12,43.5,64.1,108.6,147.9,118.5,266.5,367.8,155.6,
MADURAI,"(9.9261153, 78.1140983)",14.5,20.6,57.8,66.4,48.7,66.6,87.3,133.3,206.2,151.3,61.6,
NILGIRIS,"(13.0698579, 80.2248039)",26.2,35.6,82.4,117.3,169.8,260.8,180.9,148.4,217.9,181.2,79.1,
RAMANATHAPURA,"(13.3085506, 77.6381078)",18.3,23.5,53,39,16.9,30.1,44.2,58.1,182.4,187.2,122.1,
SALEM,"(44.9391565, -123.033121)",7.5,16,54,100.8,65.1,96.4,119.6,159.5,190.9,123.8,55.8,
THANJAVUR,"(10.7860267, 79.1381497)",15.4,17.3,30.5,54.3,39.8,65,101.8,111.8,183.8,219.2,147.3,
TIRUCHIRAPPALLI,"(10.804973 , 78.6870296)",9.1,11.8,38.4,59.7,31.5,53.2,73.8,135.4,173.2,139.9,78.4,
TIRUNELVELI,"(8.7012203, 77.5792694)",33.9,48.1,70.4,47.7,37.9,39.5,26.8,38.2,157.5,210.1,99.6,
ERODE,"(11.369204400000001, 77.67662686841793)",9.5,16.8,44.5,81.1,27.5,38.9,57.6,105.8,158.9,110.5,45.2,
PUDUKKOTTAI,"(10.5, 78.833333)",9.9,13.5,34.2,49.8,44.6,79.3,109,117.7,158,147.1,101.1,
DINDIGUL,"(10.3303299, 78.0673979084697)",11.9,22.4,62.6,83,41.2,55.9,70.5,127.8,188.1,159,89.3,
VIRUDHUNAGAR,"(9.5208936, 77.8784563961865)",24,28.8,67.5,65.2,22.1,35.8,51.4,87.5,180.7,172.7,65.6,
SIVAGANGA,"(9.851231, 78.53047154820717)",12.3,17.5,46.1,57.6,41.9,72,88.2,98.9,187.1,148.5,87.1,
THOOTHUKUDI,"(8.8052602, 78.1452745)",18.2,29.1,51.5,31,7.1,15.9,15.8,36.1,151.3,185.4,90.3,
TIRUVANNAMALAI,"(12.22713775 , 79.07012882091152)",11.8,11.4,19.3,68.2,62.4,96,142.3,167.4,194.2,170.2,82.1,
NAGAPATTINAM,"(10.805627600000001, 79.824659783024)",23.1,18.5,24,38,36.8,59.9,93,96.4,241.2,411.7,288.1,
VILUPPURAM,"(11.9137874, 79.50789297942772)",9.7,9.3,16.3,50.4,48.9,83.9,130.2,145.3,186.5,195.1,117.5,
CUDDALORE,"(11.7564329, 79.7634644)",16.2,14.6,17,50.1,47.3,75.1,129.2,131.5,220.2,295.3,182.3,
KANCHIPURAM,"(12.9647163, 79.9839686)",11.8,3.3,16.4,46.3,68.4,109.5,164.1,148.8,225.8,283,133,
TIRUVALLUR,"(13.1394221, 79.9070839)",13.5,5.1,13.7,48.4,68.6,110.3,135.4,137.3,211,261.3,117,
THENI,"(9.969664300000002, 77.47420048524822)",19.4,35.4,73.4,59.5,22,32.6,33.3,70.5,167.7,139,51.2,
NAMAKKAL,"(11.284224850000001, 78.16615283668403)",7.4,12.7,44.1,91.8,44,68,97.4,129.9,156.8,98.8,36,
KARUR,"(10.9301522, 78.08485454572889)",7.8,10.4,38,60.8,19.8,35.7,51.8,106.3,144.6,119.1,51,
PERAMBALUR,"(11.2287716, 78.8182555496278)",8.3,12.7,30.8,65.4,32.6,50.3,81.9,125.9,191,155,94.9,
TIRUVARUR,"(10.8206435, 79.5678952)",19.2,17.2,33.7,46.8,33.4,64,94,105,200.3,304,214.8,
KRISHNAGIRI,"(12.5188835, 78.2206536)",5.8,12.3,39.9,99.4,55.9,75.4,96.4,171.3,176.9,77.9,34.6,
ARIYALUR,"(11.076035950000001, 79.11745538182738)",11.3,13.1,21.9,66.8,51.5,72.7,129.2,138.6,193.4,205.2,146.9,
TIRUPUR,"(11.127834, 77.3415747)",6.9,13.4,48,73.7,22,27.1,31.7,74,147.7,120,46.6,
PONDICHERRY,"(10.91564885, 79.80694879844232)",19.6,16.6,10.7,43.6,46.9,84.3,127.8,126,270.7,368.5,203.9,
KARAIKAL,"(10.91571, 79.8375761)",42.9,17.1,17,32.5,50,59.2,82.3,101.6,275.7,475.1,297.7,
MAHE,"(11.7021978, 75.5364701)",19.6,16.6,10.7,43.6,46.9,84.3,127.8,126,270.7,368.5,203.9,
YANAM,"(16.7333666, 82.2145164)",19.6,16.6,10.7,43.6,46.9,84.3,127.8,126,270.7,368.5,203.9,
UDUPI,"(13.3419169, 74.7473232)",0.4,4.1,29.4,193.8,1081,1371.6,902.2,404.9,223.8,74.6,18.8,
BELGAM,"(-7.4552105, 109.2865986)",0.9,6.2,30.2,74.8,130.4,204,126.7,113,116.6,30.6,5.1,
BIDAR,"(43.4391702, -1.5898909)",6.1,10.1,21.7,31.4,137.1,190.7,196.6,170.5,93.5,20.9,6.2,
BIJAPUR,"(18.7935679, 80.815939)",2.7,5.2,20.1,46.5,94.5,91.8,91.3,158.4,111.7,24.9,6.9,
DHARWAD,"(15.4540505, 75.0066516)",3.2,6.9,46.6,82.5,113.8,149.1,101.6,119.5,120.4,39.6,6.2,
GULBARGA,"(17.166667, 77.083333)",2.9,6.2,19.7,36.4,112.8,156.1,167.6,184,105.3,20.8,4.5,
YADGIR,"(16.7670964, 77.1403984)",3.6,5.2,20.5,36.8,116.8,153,161.2,179.8,123.4,24.5,5.3,
RAICHUR,"(16.083333, 77.166667)",2,4.1,17.7,40.5,81.7,110.2,122.2,147.5,110.5,21.4,5.9,
BAGALKOTE,"(16.1853166, 75.6967919)",1.5,4.5,23.5,57.3,80.1,73.6,72.5,137.1,112.8,25.3,7,
GADAG,"(15.4322943, 75.63522438164131)",1,3.9,33.5,71.7,85.1,70.4,75.3,137.5,121.1,33,7.5,
HAVERI,"(14.7874825, 75.3996731)",0.5,4,43.6,78.5,114.7,169.8,111.1,99.5,119,43.9,7,
KOPPAL,"(15.3484144, 76.1547421)",0.4,2.5,19.2,50.5,72.2,75.6,89.1,145.7,108.1,25.8,8,
BANGALORE RURAL,"(13.0010872 , 77.3361225)",5.8,7.6,36.2,93.1,71.2,91.7,118.1,170.9,171.8,55.4,13.5,
BELLARY,"(15.1433952, 76.9193876)",1.4,2.9,26.2,57.9,72.4,77,89.3,137.3,116.3,31.1,9.6,
CHIKMAGALUR,"(13.318014, 75.7738743)",2,12,60.2,105.9,395,662.1,425,175.2,167.4,58.8,12.3,
CHITRADURGA,"(14.2266443, 76.4005122)",1.2,4.4,25.8,64.9,50.5,56.1,58.9,105.5,116.4,33.8,8.8,
KODAGU,"(12.38217745, 75.66531991685233)",4.2,18.5,89.8,152.7,542.2,884.4,543.9,211.4,201.7,71.6,17.5,
HASSAN,"(13.0070817, 76.0992703)",2.5,10.7,55.1,102.2,125,203.8,130,115.5,156,54.1,10.9,
KOLAR,"(13.1367201, 78.1337246)",4.5,10.4,27.8,74.4,63.3,76.4,91.2,151.8,148.2,58.8,21.6,
MANDYA,"(12.5238888, 76.8961961)",3.6,7.6,45.3,105.1,48.7,49.3,58.9,128.2,153.1,47,14,
MYSORE,"(12.3051828, 76.6553609)",3.5,11.4,58.7,124.6,79.7,92.4,64.8,106.7,152.4,48.8,13.1,
SHIMOGA,"(13.9326093, 75.574978)",0.4,6.3,38,78.3,346.8,624.3,403.8,139.1,137.5,44.6,8.3,
TUMKUR,"(13.3400771, 77.1006208)",3,7.1,34,87.1,61.5,69.7,79.5,148.5,148.9,46.7,10.1,
BANGALORE URBAN,"(12.94514225 , 77.55364499971128)",6.7,8.2,39.2,106.3,73.9,91.6,128.9,181.3,159.7,53.9,18,
CHAMARAJANAGA,"(11.9346006 , 76.9328209)",6,13.2,69.2,131.2,61.8,68.7,66,124.1,157.8,62.7,24.3,
DAVANGERE,"(14.4679807, 75.9195682)",0.8,4.2,35,74,78.7,102.9,87,116.3,124.4,44.9,7.4,
CHICKBALLAPUR,"(13.4387854, 77.7205744)",4.6,8.2,27.2,69.4,64.3,89.2,104.9,153.4,156.8,52.9,15.5,
ALAPPUZHA,"(9.5006651, 76.41241428564258)",27.9,45.1,134,298.7,593,533,343.1,276.8,332.9,187.6,51.6,
CANNUR,"(41.0402591, 28.8444557)",2,7.6,57.9,235,852.4,1055,540.9,220.7,229.4,91.6,24.1,
ERNAKULAM,"(9.98408, 76.2741457)",18.8,31.2,112,300.4,696.4,670.2,401.3,297.1,299.9,145,44.4,
KOTTAYAM,"(9.6287383, 76.64553257390992)",24.9,42.3,136.1,281.8,649.1,591.4,386,270.8,316.6,177.4,41.1,
KOZHIKODE,"(11.2450558, 75.7754716)",3.9,15.1,80.9,256.6,895.8,955.2,500.9,251.2,262.1,130.1,30,
MALAPPURAM,"(11.10684475, 76.10995510466662)",3.9,12.7,86.8,221.3,660.9,792.9,395.3,211.3,290.4,135.1,22.8,
PALAKKAD,"(10.78736915, 76.47421718925105)",6.5,22.5,98.7,158.7,464.3,595.4,333.8,179.2,263.8,138.6,25.6,
KOLLAM,"(8.8879509, 76.5955013)",33.7,62.6,158.5,248.5,457.7,398,258.7,217.9,362.7,221.4,54.5,
THRISSUR,"(10.5256264, 76.2132542)",7.5,17,79.2,289.1,707.4,772.9,440.1,277.1,296.3,138.1,35,
THIRUVANANTHAPURAM,"(8.4882267 , 76.947551)",21.1,35.5,116.7,216.6,338.7,228.9,142,161.7,268,192,62.7,
IDUKKI,"(9.8497872, 76.9797914)",22.1,43.6,150.4,232.6,651.6,788.9,527.3,308.4,343.2,172.9,48.1,
KASARGOD,"(12.4914722, 74.9877613)",1,8.4,46.9,217.6,999.6,1108.5,636.3,263.1,234.9,84.6,18.4,
PATHANAMTHITTA,"(9.278084100000001, 76.97374429915658)",45.2,73.9,184.9,294.7,556.9,539.9,352.7,266.2,359.4,213.5,51.3,
WAYANAD,"(11.71512915, 76.12711850740615)",8.3,17.5,83.3,174.6,698.1,1110.4,592.9,230.7,213.1,93.6,25.8,
LAKSHADWEEP,"(10.8132489, 73.6804620941119)",14.7,11.8,48.9,171.7,330.2,287.7,217.5,163.1,157.1,117.7,58.8,
